[{"customer":{"name":"a","email":"a@a","street":"a","postal-code":"a","city":"a"},"items":[{"id":"m1","name":"Mac & Cheese","price":"8.99","description":"Creamy cheddar cheese mixed with perfectly cooked macaroni, topped with crispy breadcrumbs. A classic comfort food.","image":"images/mac-and-cheese.jpg","counter":2}],"id":"854.1879427362578"},{"customer":{"name":"Melissa LF","email":"mlf@gmail.com","street":"something","postal-code":"12345","city":"yes"},"items":[{"id":"m12","name":"Pancake Stack","price":"8.99","description":"Fluffy pancakes stacked high, drizzled with maple syrup and topped with fresh berries.","image":"images/pancake-stack.jpg","counter":2},{"id":"m15","name":"Chocolate Brownie","price":"5.99","description":"A rich and fudgy brownie, topped with a scoop of vanilla ice cream and chocolate sauce.","image":"images/chocolate-brownie.jpg","counter":1},{"id":"m2","name":"Margherita Pizza","price":"12.99","description":"A classic pizza with fresh mozzarella, tomatoes, and basil on a thin and crispy crust.","image":"images/margherita-pizza.jpg","counter":1},{"id":"m3","name":"Caesar Salad","price":"7.99","description":"Romaine lettuce tossed in Caesar dressing, topped with croutons and parmesan shavings.","image":"images/caesar-salad.jpg","counter":1},{"id":"m5","name":"Veggie Burger","price":"9.99","description":"A juicy veggie patty served on a whole grain bun with lettuce, tomato, and a tangy sauce.","image":"images/veggie-burger.jpg","counter":1},{"id":"m8","name":"Sushi Roll Platter","price":"15.99","description":"An assortment of fresh sushi rolls including California, Spicy Tuna, and Eel Avocado.","image":"images/sushi-roll-platter.jpg","counter":1},{"id":"m14","name":"Beef Tacos","price":"9.99","description":"Three soft tortillas filled with seasoned beef, fresh salsa, cheese, and sour cream.","image":"images/beef-tacos.jpg","counter":1},{"id":"m19","name":"Lemon Cheesecake","price":"6.99","description":"A creamy cheesecake with a tangy lemon flavor, served on a crumbly biscuit base.","image":"images/lemon-cheesecake.jpg","counter":1}],"id":"51.152934264452774"},{"customer":{"name":"test","email":"a@a","street":"c","postal-code":"test","city":"test"},"items":[{"id":"m2","name":"Margherita Pizza","price":"12.99","description":"A classic pizza with fresh mozzarella, tomatoes, and basil on a thin and crispy crust.","image":"images/margherita-pizza.jpg","counter":2},{"id":"m3","name":"Caesar Salad","price":"7.99","description":"Romaine lettuce tossed in Caesar dressing, topped with croutons and parmesan shavings.","image":"images/caesar-salad.jpg","counter":2}],"id":"645.6452753824282"},{"customer":{"name":"t","email":"test@test","street":"test","postal-code":"test","city":"test"},"items":[{"id":"m2","name":"Margherita Pizza","price":"12.99","description":"A classic pizza with fresh mozzarella, tomatoes, and basil on a thin and crispy crust.","image":"images/margherita-pizza.jpg","counter":1}],"id":"829.5057616620664"},{"customer":{"name":"test","email":"test@test","street":"test","postal-code":"test","city":"test"},"items":[{"id":"m1","name":"Mac & Cheese","price":"8.99","description":"Creamy cheddar cheese mixed with perfectly cooked macaroni, topped with crispy breadcrumbs. A classic comfort food.","image":"images/mac-and-cheese.jpg","counter":2}],"id":"5.19006712310377"},{"customer":{"name":"test","email":"test@test","street":"test","postal-code":"test","city":"test"},"items":[{"id":"m1","name":"Mac & Cheese","price":"8.99","description":"Creamy cheddar cheese mixed with perfectly cooked macaroni, topped with crispy breadcrumbs. A classic comfort food.","image":"images/mac-and-cheese.jpg","counter":2}],"id":"558.7354125591269"},{"customer":{"name":"testt","email":"test@test","street":"test","postal-code":"test","city":"test"},"items":[{"id":"m1","name":"Mac & Cheese","price":"8.99","description":"Creamy cheddar cheese mixed with perfectly cooked macaroni, topped with crispy breadcrumbs. A classic comfort food.","image":"images/mac-and-cheese.jpg","counter":1}],"id":"796.3644589829628"}]