[{"id":"e1","title":"Web Dev Networking Night","description":"Meet, connect, and network with fellow budding web developers. Share your experiences and learn from others.","date":"2024-09-25","time":"18:00","location":"Innovation Lounge, New York, NY","image":"meeting-networking.jpg"},{"id":"e2","title":"City Hunt: Web Dev Edition","image":"buzzing-city.jpg","description":"Explore the city and discover hidden gems while completing fun web development challenges.","date":"2024-10-07","time":"10:00","location":"Tech Training Academy, Los Angeles, CA"},{"id":"e3","title":"Women in Web Development Mixer!","description":"An empowering event dedicated to women who are passionate about web development. Connect, share, and inspire.","date":"2024-05-21","time":"16:30","location":"Empowerment Hall, Seattle, WA","image":"women-coding.jpg"},{"id":"e4","title":"Beginner's Guide to HTML & CSS!","description":"Dive into the world of HTML and CSS. This workshop is perfect for those taking their first steps in web development.","date":"2023-11-03","time":"18:30","location":"Learning Labs, Austin, TX","image":"laptop-on-desk.jpg"},{"id":"9616","title":"lala","description":"1111","date":"2024-07-12","time":"16:10","location":"Here","image":"park.jpg"}]