{"events":[{"title":"Butterfly test","image":"https://www.marineland.es/catalunya/wp-content/uploads/2023/04/Mariposa-azul-r-1024x1024.jpg","date":"2024-03-27","description":"something here to fill space","id":"a1ded233-3b70-4d0c-94ea-b8e7f3f88dc3"},{"title":"testing 2","image":"https://upload.wikimedia.org/wikipedia/commons/thumb/e/ee/Morpho_didius_Male_Dos_MHNT.jpg/640px-Morpho_didius_Male_Dos_MHNT.jpg","date":"2024-03-25","description":"lslslslslalalalal","id":"d6343449-57f1-49b2-a923-c15e41d58586"},{"title":"testing event","image":"https://m.media-amazon.com/images/I/51Gz7IimgoL._AC_UF894,1000_QL80_.jpg","date":"2024-03-27","description":"testing","id":"7e2a2c65-17e0-4cd4-96a6-b9ff8e481f59"},{"id":"e1","title":"A dummy event","date":"2023-02-22","image":"https://blog.hubspot.de/hubfs/Germany/Blog_images/Optimize_Marketing%20Events%20DACH%202021.jpg","description":"Join this amazing event and connect with fellow developers."}]}