{"events":[{"title":"Testing testing","image":"https://www.marineland.es/catalunya/wp-content/uploads/2023/04/Mariposa-azul-r-1024x1024.jpg","date":"2024-04-27","description":"lalalalalala lalalal You need to log in in order to edit or add new events  Melissa","id":"8ce63dd5-4237-441e-931d-29334ffd726b"},{"title":"A new event","image":"https://m.media-amazon.com/images/I/51Gz7IimgoL._AC_UF894,1000_QL80_.jpg","date":"2022-10-01","description":"Some awesome event!","id":"2a42fcc4-ea21-4bdd-abf6-c40006dc66a9"}],"users":[{"email":"test@test.com","password":"$2a$12$HkpNZKjn.NLOaNQ.O.qfWOgSwCHxusc4NyGTOjHka4KbSMrwRBbIO","id":"4683997a-c501-45e2-ab53-7e8c2aa0b135"},{"email":"test@test","password":"$2a$12$epemKH3mARO4S92DBUt3VOrW/6pGGF6vtvIe5eDPD7WHF9Ytpi6ey","id":"376169dc-989a-4d07-acef-362ca3e2e3a9"}]}